{"v":"5.1.1","fr":60,"ip":0,"op":516,"w":1440,"h":545,"nm":"header","ddd":0,"assets":[{"id":"image_0","w":954,"h":282,"u":"images/","p":"must_drop.png"},{"id":"image_1","w":300,"h":378,"u":"images/","p":"bolt_2x.png"},{"id":"image_2","w":218,"h":326,"u":"images/","p":"bolt-off_2x.png"},{"id":"image_3","w":508,"h":794,"u":"images/","p":"n_2x.png"},{"id":"image_4","w":446,"h":788,"u":"images/","p":"w-2_2x.png"},{"id":"image_5","w":450,"h":722,"u":"images/","p":"o-2_2x.png"},{"id":"image_6","w":450,"h":706,"u":"images/","p":"d_2x.png"},{"id":"image_7","w":444,"h":738,"u":"images/","p":"w-1_2x.png"},{"id":"image_8","w":200,"h":786,"u":"images/","p":"o-1_2x.png"},{"id":"image_9","w":508,"h":802,"u":"images/","p":"h_2x.png"},{"id":"image_10","w":478,"h":802,"u":"images/","p":"s_2x.png"},{"id":"image_11","w":652,"h":264,"u":"images/","p":"slots_2x.png"},{"id":"image_12","w":736,"h":268,"u":"images/","p":"vegas_2x.png"},{"id":"image_13","w":1440,"h":545,"u":"images/","p":"header.png"},{"id":"comp_8","layers":[{"ddd":0,"ind":1,"ty":2,"nm":"must_drop.png","cl":"png","refId":"image_0","sr":1,"ks":{"o":{"a":1,"k":[{"i":{"x":[0.833],"y":[0.833]},"o":{"x":[0.167],"y":[0.167]},"n":["0p833_0p833_0p167_0p167"],"t":187,"s":[0],"e":[100]},{"i":{"x":[0.833],"y":[0.833]},"o":{"x":[0.167],"y":[0.167]},"n":["0p833_0p833_0p167_0p167"],"t":192,"s":[100],"e":[100]},{"i":{"x":[0.833],"y":[0.833]},"o":{"x":[0.167],"y":[0.167]},"n":["0p833_0p833_0p167_0p167"],"t":204,"s":[100],"e":[15]},{"i":{"x":[0.833],"y":[0.833]},"o":{"x":[0.167],"y":[0.167]},"n":["0p833_0p833_0p167_0p167"],"t":209,"s":[15],"e":[100]},{"i":{"x":[0.833],"y":[0.833]},"o":{"x":[0.167],"y":[0.167]},"n":["0p833_0p833_0p167_0p167"],"t":214,"s":[100],"e":[0]},{"i":{"x":[0.833],"y":[0.833]},"o":{"x":[0.167],"y":[0.167]},"n":["0p833_0p833_0p167_0p167"],"t":220,"s":[0],"e":[100]},{"t":225}],"ix":11},"r":{"a":0,"k":0,"ix":10},"p":{"a":0,"k":[898.5,674.5,0],"ix":2},"a":{"a":0,"k":[477,141,0],"ix":1},"s":{"a":0,"k":[112,112,100],"ix":6}},"ao":0,"ip":187,"op":270,"st":187,"bm":0},{"ddd":0,"ind":3,"ty":2,"nm":"bolt@2x.png","cl":"png","refId":"image_1","sr":1,"ks":{"o":{"a":1,"k":[{"i":{"x":[0.833],"y":[0.833]},"o":{"x":[0.167],"y":[0.167]},"n":["0p833_0p833_0p167_0p167"],"t":85,"s":[100],"e":[100]},{"i":{"x":[0.833],"y":[0.833]},"o":{"x":[0.167],"y":[0.167]},"n":["0p833_0p833_0p167_0p167"],"t":90,"s":[100],"e":[0]},{"i":{"x":[0.833],"y":[0.833]},"o":{"x":[0.167],"y":[0.167]},"n":["0p833_0p833_0p167_0p167"],"t":92,"s":[0],"e":[100]},{"i":{"x":[0.833],"y":[0.833]},"o":{"x":[0.167],"y":[0.167]},"n":["0p833_0p833_0p167_0p167"],"t":96,"s":[100],"e":[0]},{"i":{"x":[0.833],"y":[0.833]},"o":{"x":[0.167],"y":[0.167]},"n":["0p833_0p833_0p167_0p167"],"t":98,"s":[0],"e":[100]},{"i":{"x":[0.833],"y":[0.833]},"o":{"x":[0.167],"y":[0.167]},"n":["0p833_0p833_0p167_0p167"],"t":230,"s":[100],"e":[100]},{"i":{"x":[0.833],"y":[0.833]},"o":{"x":[0.167],"y":[0.167]},"n":["0p833_0p833_0p167_0p167"],"t":235,"s":[100],"e":[0]},{"i":{"x":[0.833],"y":[0.833]},"o":{"x":[0.167],"y":[0.167]},"n":["0p833_0p833_0p167_0p167"],"t":237,"s":[0],"e":[100]},{"i":{"x":[0.833],"y":[0.833]},"o":{"x":[0.167],"y":[0.167]},"n":["0p833_0p833_0p167_0p167"],"t":241,"s":[100],"e":[0]},{"t":243}],"ix":11},"r":{"a":0,"k":0,"ix":10},"p":{"a":0,"k":[928.5,223.5,0],"ix":2},"a":{"a":0,"k":[150,189,0],"ix":1},"s":{"a":0,"k":[92,92,100],"ix":6}},"ao":0,"ip":85,"op":270,"st":-10,"bm":0},{"ddd":0,"ind":4,"ty":2,"nm":"bolt-off@2x.png","cl":"png","refId":"image_2","sr":1,"ks":{"o":{"a":0,"k":100,"ix":11},"r":{"a":0,"k":0,"ix":10},"p":{"a":0,"k":[929.5,231.37,0],"ix":2},"a":{"a":0,"k":[109,163,0],"ix":1},"s":{"a":0,"k":[65,65,100],"ix":6}},"ao":0,"ip":0,"op":270,"st":0,"bm":0},{"ddd":0,"ind":5,"ty":2,"nm":"n@2x.png","cl":"png","refId":"image_3","sr":1,"ks":{"o":{"a":1,"k":[{"i":{"x":[0.833],"y":[0.833]},"o":{"x":[0.167],"y":[0.167]},"n":["0p833_0p833_0p167_0p167"],"t":140,"s":[0],"e":[100]},{"t":153}],"ix":11},"r":{"a":0,"k":0,"ix":10},"p":{"a":0,"k":[1495.5,504.5,0],"ix":2},"a":{"a":0,"k":[254,397,0],"ix":1},"s":{"a":0,"k":[86,86,100],"ix":6}},"ao":0,"ip":140,"op":270,"st":140,"bm":0},{"ddd":0,"ind":6,"ty":2,"nm":"w-2@2x.png","cl":"png","refId":"image_4","sr":1,"ks":{"o":{"a":1,"k":[{"i":{"x":[0.833],"y":[0.833]},"o":{"x":[0.167],"y":[0.167]},"n":["0p833_0p833_0p167_0p167"],"t":127,"s":[0],"e":[100]},{"t":140}],"ix":11},"r":{"a":0,"k":0,"ix":10},"p":{"a":0,"k":[1306.5,516.5,0],"ix":2},"a":{"a":0,"k":[223,394,0],"ix":1},"s":{"a":0,"k":[92,92,100],"ix":6}},"ao":0,"ip":127,"op":270,"st":127,"bm":0},{"ddd":0,"ind":7,"ty":2,"nm":"o-2@2x.png","cl":"png","refId":"image_5","sr":1,"ks":{"o":{"a":1,"k":[{"i":{"x":[0.833],"y":[0.833]},"o":{"x":[0.167],"y":[0.167]},"n":["0p833_0p833_0p167_0p167"],"t":108,"s":[0],"e":[100]},{"t":121}],"ix":11},"r":{"a":0,"k":0,"ix":10},"p":{"a":0,"k":[1160.5,488.5,0],"ix":2},"a":{"a":0,"k":[225,361,0],"ix":1},"s":{"a":0,"k":[94,94,100],"ix":6}},"ao":0,"ip":108,"op":270,"st":108,"bm":0},{"ddd":0,"ind":8,"ty":2,"nm":"d@2x.png","cl":"png","refId":"image_6","sr":1,"ks":{"o":{"a":1,"k":[{"i":{"x":[0.833],"y":[0.833]},"o":{"x":[0.167],"y":[0.167]},"n":["0p833_0p833_0p167_0p167"],"t":101,"s":[0],"e":[100]},{"t":114}],"ix":11},"r":{"a":0,"k":0,"ix":10},"p":{"a":0,"k":[1014.5,478.5,0],"ix":2},"a":{"a":0,"k":[225,353,0],"ix":1},"s":{"a":0,"k":[94,94,100],"ix":6}},"ao":0,"ip":101,"op":270,"st":101,"bm":0},{"ddd":0,"ind":9,"ty":2,"nm":"w-1@2x.png","cl":"png","refId":"image_7","sr":1,"ks":{"o":{"a":1,"k":[{"i":{"x":[0.833],"y":[0.833]},"o":{"x":[0.167],"y":[0.167]},"n":["0p833_0p833_0p167_0p167"],"t":94,"s":[0],"e":[100]},{"t":107}],"ix":11},"r":{"a":0,"k":0,"ix":10},"p":{"a":0,"k":[808.5,492.5,0],"ix":2},"a":{"a":0,"k":[222,369,0],"ix":1},"s":{"a":0,"k":[94,94,100],"ix":6}},"ao":0,"ip":94,"op":270,"st":94,"bm":0},{"ddd":0,"ind":10,"ty":2,"nm":"o-1@2x.png","cl":"png","refId":"image_8","sr":1,"ks":{"o":{"a":1,"k":[{"i":{"x":[0.833],"y":[0.833]},"o":{"x":[0.167],"y":[0.167]},"n":["0p833_0p833_0p167_0p167"],"t":72,"s":[0],"e":[100]},{"t":85}],"ix":11},"r":{"a":0,"k":0,"ix":10},"p":{"a":0,"k":[616.5,514.5,0],"ix":2},"a":{"a":0,"k":[100,393,0],"ix":1},"s":{"a":0,"k":[94,94,100],"ix":6}},"ao":0,"ip":72,"op":270,"st":72,"bm":0},{"ddd":0,"ind":11,"ty":2,"nm":"h@2x.png","cl":"png","refId":"image_9","sr":1,"ks":{"o":{"a":1,"k":[{"i":{"x":[0.833],"y":[0.833]},"o":{"x":[0.167],"y":[0.167]},"n":["0p833_0p833_0p167_0p167"],"t":66,"s":[0],"e":[100]},{"t":79}],"ix":11},"r":{"a":0,"k":0,"ix":10},"p":{"a":0,"k":[473.5,520.5,0],"ix":2},"a":{"a":0,"k":[254,401,0],"ix":1},"s":{"a":0,"k":[94,94,100],"ix":6}},"ao":0,"ip":66,"op":270,"st":66,"bm":0},{"ddd":0,"ind":12,"ty":2,"nm":"s@2x.png","cl":"png","refId":"image_10","sr":1,"ks":{"o":{"a":1,"k":[{"i":{"x":[0.833],"y":[0.833]},"o":{"x":[0.167],"y":[0.167]},"n":["0p833_0p833_0p167_0p167"],"t":58,"s":[0],"e":[100]},{"t":71}],"ix":11},"r":{"a":0,"k":0,"ix":10},"p":{"a":0,"k":[284.74,506.5,0],"ix":2},"a":{"a":0,"k":[239,401,0],"ix":1},"s":{"a":0,"k":[91,91,100],"ix":6}},"ao":0,"ip":58,"op":270,"st":58,"bm":0},{"ddd":0,"ind":13,"ty":2,"nm":"slots@2x.png","cl":"png","refId":"image_11","sr":1,"ks":{"o":{"a":0,"k":100,"ix":11},"r":{"a":0,"k":0,"ix":10},"p":{"a":0,"k":[1240.5,250.5,0],"ix":2},"a":{"a":0,"k":[326,132,0],"ix":1},"s":{"a":0,"k":[87,87,100],"ix":6}},"ao":0,"ip":23,"op":270,"st":23,"bm":0},{"ddd":0,"ind":14,"ty":2,"nm":"vegas@2x.png","cl":"png","refId":"image_12","sr":1,"ks":{"o":{"a":0,"k":100,"ix":11},"r":{"a":0,"k":0,"ix":10},"p":{"a":0,"k":[598.5,236.5,0],"ix":2},"a":{"a":0,"k":[368,134,0],"ix":1},"s":{"a":0,"k":[87,87,100],"ix":6}},"ao":0,"ip":23,"op":270,"st":23,"bm":0}]}],"layers":[{"ddd":0,"ind":1,"ty":0,"nm":"showdown","refId":"comp_8","sr":1,"ks":{"o":{"a":0,"k":100,"ix":11},"r":{"a":0,"k":0,"ix":10},"p":{"a":0,"k":[742,283.2,0],"ix":2},"a":{"a":0,"k":[884.5,442.5,0],"ix":1},"s":{"a":0,"k":[77,77,100],"ix":6}},"ao":0,"w":1769,"h":885,"ip":0,"op":270,"st":0,"bm":0},{"ddd":0,"ind":2,"ty":2,"nm":"header.png","cl":"png","refId":"image_13","sr":1,"ks":{"o":{"a":0,"k":100,"ix":11},"r":{"a":0,"k":0,"ix":10},"p":{"a":0,"k":[720,272.5,0],"ix":2},"a":{"a":0,"k":[720,272.5,0],"ix":1},"s":{"a":0,"k":[100,100,100],"ix":6}},"ao":0,"ip":0,"op":516,"st":0,"bm":0}],"markers":[]}